Nanometers,Reference_Counts,Sample_Counts,Dark_Counts,Reference_Corrected,Sample_Corrected,Absorbance,Absorbance_per_cm
340.5,145.1,103.06,4.86,140.24,98.2,0.15476,0.15476
341,145.8,103.2,5,140.8,98.2,0.156491,0.156491
341.5,146.14,103.28,4.86,141.28,98.42,0.156997,0.156997
342,146.72,103.56,4.9,141.82,98.66,0.157596,0.157596
342.6,146.44,103.2,4.54,141.9,98.66,0.157841,0.157841
343.1,147.3,103.78,4.7,142.6,99.08,0.158134,0.158134
343.6,147.52,104.34,4.7,142.82,99.64,0.156355,0.156355
344.2,147.64,104.38,4.76,142.88,99.62,0.156625,0.156625
344.7,147.78,103.86,4.16,143.62,99.7,0.15852,0.15852
345.2,148.76,104.72,4.56,144.2,100.16,0.158271,0.158271
345.7,149.54,105.5,4.74,144.8,100.76,0.15748,0.15748
346.3,149.46,105.5,4.82,144.64,100.68,0.157345,0.157345
346.8,149.28,105.12,4.4,144.88,100.72,0.157893,0.157893
347.3,149.82,105.42,4.64,145.18,100.78,0.158532,0.158532
347.8,150.62,106,4.9,145.72,101.1,0.158768,0.158768
348.4,150.76,106.22,4.9,145.86,101.32,0.158241,0.158241
348.9,150.88,106.42,4.68,146.2,101.74,0.157456,0.157456
349.4,151.74,107.1,4.86,146.88,102.24,0.157342,0.157342
350,152.26,107.24,4.98,147.28,102.26,0.158438,0.158438
350.5,152.78,107.32,5.14,147.64,102.18,0.159838,0.159838
351,152.62,107.04,4.76,147.86,102.28,0.16006,0.16006
351.5,153.38,107.84,4.9,148.48,102.94,0.159084,0.159084
352.1,153.98,108.54,5.1,148.88,103.44,0.158148,0.158148
352.6,153.86,108.3,5,148.86,103.3,0.158678,0.158678
353.1,154.14,107.9,4.66,149.48,103.24,0.160735,0.160735
353.6,154.88,108.5,4.82,150.06,103.68,0.16057,0.16057
354.2,154.8,108.64,4.7,150.1,103.94,0.159598,0.159598
354.7,154.9,108.36,4.56,150.34,103.8,0.160877,0.160877
355.2,154.58,108.26,4.04,150.54,104.22,0.159701,0.159701
355.7,155.64,109.16,4.48,151.16,104.68,0.159573,0.159573
356.3,156.02,109.28,4.68,151.34,104.6,0.160422,0.160422
356.8,155.92,109.08,4.66,151.26,104.42,0.16094,0.16094
357.3,155.7,108.78,4.32,151.38,104.46,0.161118,0.161118
357.9,156.72,109.4,4.62,152.1,104.78,0.161851,0.161851
358.4,156.88,110.06,4.66,152.22,105.4,0.159631,0.159631
358.9,156.76,109.68,4.62,152.14,105.06,0.160806,0.160806
359.4,156.36,109.26,4.28,152.08,104.98,0.160966,0.160966
360,157.16,109.52,4.46,152.7,105.06,0.162402,0.162402
360.5,157.42,109.98,4.42,153,105.56,0.161192,0.161192
361,157.72,109.98,4.5,153.22,105.48,0.162145,0.162145
361.5,157.52,109.28,4.16,153.36,105.12,0.164027,0.164027
362.1,158.06,109.94,4.42,153.64,105.52,0.16317,0.16317
362.6,158.08,110.2,4.42,153.66,105.78,0.162157,0.162157
363.1,158.18,110.2,4.56,153.62,105.64,0.162619,0.162619
363.7,158,109.82,4.18,153.82,105.64,0.163184,0.163184
364.2,158.48,110.06,4.42,154.06,105.64,0.163862,0.163862
364.7,158.36,110.1,4.38,153.98,105.72,0.163307,0.163307
365.2,158.34,109.86,4.44,153.9,105.42,0.164316,0.164316
365.8,158.42,109.34,4,154.42,105.34,0.16611,0.16611
366.3,159.32,110.08,4.36,154.96,105.72,0.166062,0.166062
366.8,159.42,110.18,4.28,155.14,105.9,0.165828,0.165828
367.3,159.04,109.88,4.58,154.46,105.3,0.166388,0.166388
367.9,158.72,109.28,4.2,154.52,105.08,0.167465,0.167465
368.4,159.44,109.9,4.3,155.14,105.6,0.16706,0.16706
368.9,159.82,109.84,4.5,155.32,105.34,0.168634,0.168634
369.5,159.54,109.8,4.7,154.84,105.1,0.16828,0.16828
370,159.12,109.32,4.44,154.68,104.88,0.168741,0.168741
370.5,159.92,109.86,4.58,155.34,105.28,0.168937,0.168937
371,159.78,109.68,4.64,155.14,105.04,0.169369,0.169369
371.6,159.5,109.28,4.56,154.94,104.72,0.170134,0.170134
372.1,159.28,108.9,4.32,154.96,104.58,0.170771,0.170771
372.6,159.84,109.08,4.44,155.4,104.64,0.171753,0.171753
373.1,160.04,109.02,4.8,155.24,104.22,0.173053,0.173053
373.7,159.7,108.68,4.82,154.88,103.86,0.173547,0.173547
374.2,159.22,107.6,4.32,154.9,103.28,0.176035,0.176035
374.7,159.9,107.72,4.4,155.5,103.32,0.177546,0.177546
375.3,160.16,107.58,4.52,155.64,103.06,0.179031,0.179031
375.8,159.76,107.24,4.64,155.12,102.6,0.17952,0.17952
376.3,159.46,106.72,4.48,154.98,102.24,0.180655,0.180655
376.8,160.32,107.18,4.72,155.6,102.46,0.181455,0.181455
377.4,160.9,107.04,4.96,155.94,102.08,0.184017,0.184017
377.9,160.16,106.34,4.9,155.26,101.44,0.18485,0.18485
378.4,159.8,105.68,4.5,155.3,101.18,0.186077,0.186077
378.9,160.38,105.88,4.72,155.66,101.16,0.187168,0.187168
379.5,160.72,105.78,4.66,156.06,101.12,0.188455,0.188455
380,160.44,105.48,4.56,155.88,100.92,0.188813,0.188813
380.5,159.56,104.5,4.16,155.4,100.34,0.189977,0.189977
381.1,160,104.62,4.36,155.64,100.26,0.190994,0.190994
381.6,160.06,104.24,4.18,155.88,100.06,0.19253,0.19253
382.1,159.7,103.72,4.24,155.46,99.48,0.193883,0.193883
382.6,159.28,102.74,3.9,155.38,98.84,0.196462,0.196462
383.2,159.74,102.78,4.1,155.64,98.68,0.197892,0.197892
383.7,159.92,102.9,4.1,155.82,98.8,0.197866,0.197866
384.2,159.58,102.48,4.26,155.32,98.22,0.199027,0.199027
384.7,158.92,101.34,4.02,154.9,97.32,0.201849,0.201849
385.3,159.22,101.36,4.24,154.98,97.12,0.202967,0.202967
385.8,159.1,101.2,4.38,154.72,96.82,0.203581,0.203581
386.3,158.58,100.62,4.44,154.14,96.18,0.204831,0.204831
386.9,158.1,99.64,4.3,153.8,95.34,0.207681,0.207681
387.4,158.7,99.82,4.46,154.24,95.36,0.208831,0.208831
387.9,158.7,99.7,4.36,154.34,95.34,0.209203,0.209203
388.4,158.06,99.36,4.38,153.68,94.98,0.208985,0.208985
389,157.36,98.52,4.06,153.3,94.46,0.210294,0.210294
389.5,157.74,98.5,4.22,153.52,94.28,0.211745,0.211745
390,157.54,98.18,4.26,153.28,93.92,0.212727,0.212727
390.5,156.82,97.48,4.34,152.48,93.14,0.214077,0.214077
391.1,156.48,96.82,4.26,152.22,92.56,0.216048,0.216048
391.6,157.14,96.94,4.4,152.74,92.54,0.217623,0.217623
392.1,157.14,96.7,4.32,152.82,92.38,0.218602,0.218602
392.7,156.66,96.2,4.44,152.22,91.76,0.219818,0.219818
393.2,156.02,95.24,4.12,151.9,91.12,0.221944,0.221944
393.7,156.2,95.36,4.3,151.9,91.06,0.22223,0.22223
394.2,156.24,95.1,4.26,151.98,90.84,0.223509,0.223509
394.8,155.82,94.42,4.28,151.54,90.14,0.22561,0.22561
395.3,155.5,93.7,3.96,151.54,89.74,0.227541,0.227541
395.8,156.46,93.92,4.26,152.2,89.66,0.229816,0.229816
396.3,156.3,93.6,4.24,152.06,89.36,0.230872,0.230872
396.9,155.74,92.82,4.22,151.52,88.6,0.233036,0.233036
397.4,155.42,91.48,4.08,151.34,87.4,0.238442,0.238442
397.9,155.92,91.5,4.14,151.78,87.36,0.239902,0.239902
398.5,156.48,91.76,4.28,152.2,87.48,0.240506,0.240506
399,156.58,90.98,4.32,152.26,86.66,0.244767,0.244767
399.5,156.66,89.78,4.1,152.56,85.68,0.250561,0.250561
400,157.3,89.92,4.2,153.1,85.72,0.251893,0.251893
400.6,157.84,89.76,4.36,153.48,85.4,0.254594,0.254594
401.1,157.9,89.06,4.38,153.52,84.68,0.258384,0.258384
401.6,158.16,88.3,4.14,154.02,84.16,0.262471,0.262471
402.1,159.44,88.2,4.28,155.16,83.92,0.266914,0.266914
402.7,160.32,87.9,4.12,156.2,83.78,0.270541,0.270541
403.2,160.72,87.6,4.18,156.54,83.42,0.273355,0.273355
403.7,160.98,86.52,3.78,157.2,82.74,0.278737,0.278737
404.3,162.7,86.54,4,158.7,82.54,0.283912,0.283912
404.8,163.92,86.4,3.94,159.98,82.46,0.287822,0.287822
405.3,164.72,86.12,3.92,160.8,82.2,0.291414,0.291414
405.8,165.32,85.46,3.62,161.7,81.84,0.295744,0.295744
406.4,167.22,85.32,3.88,163.34,81.44,0.302255,0.302255
406.9,168.98,85.32,3.8,165.18,81.52,0.306693,0.306693
407.4,170.3,84.9,3.98,166.32,80.92,0.312889,0.312889
407.9,171.3,84.22,3.78,167.52,80.44,0.318595,0.318595
408.5,173.52,84.3,3.94,169.58,80.36,0.324335,0.324335
409,175.28,84.2,4,171.28,80.2,0.329532,0.329532
409.5,176.68,84.02,4.14,172.54,79.88,0.334452,0.334452
410,177.74,83.04,4.06,173.68,78.98,0.342233,0.342233
410.6,180.18,83.48,4.2,175.98,79.28,0.3463,0.3463
411.1,181.96,83.76,4.36,177.6,79.4,0.349622,0.349622
411.6,183.02,83.54,4.42,178.6,79.12,0.353595,0.353595
412.2,183.78,82.02,4.14,179.64,77.88,0.362977,0.362977
412.7,185.7,81.96,4.3,181.4,77.66,0.36844,0.36844
413.2,187.18,81.92,4.22,182.96,77.7,0.371935,0.371935
413.7,188,81.76,4.32,183.68,77.44,0.375097,0.375097
414.3,188.66,80.7,3.98,184.68,76.72,0.381511,0.381511
414.8,190.5,81.46,4.2,186.3,77.26,0.382258,0.382258
415.3,191.3,81.24,4.08,187.22,77.16,0.38496,0.38496
415.8,191.68,80.94,3.94,187.74,77,0.387066,0.387066
416.4,191.86,80.02,3.8,188.06,76.22,0.392227,0.392227
416.9,192.86,79.94,3.82,189.04,76.12,0.395055,0.395055
417.4,193.38,79.72,3.6,189.78,76.12,0.396752,0.396752
418,193.72,79.54,3.8,189.92,75.74,0.399245,0.399245
418.5,193.62,78.82,3.4,190.22,75.42,0.40177,0.40177
419,194.4,78.8,3.58,190.82,75.22,0.404291,0.404291
419.5,194.46,79.04,3.44,191.02,75.6,0.402557,0.402557
420.1,194.42,78.42,3.52,190.9,74.9,0.406324,0.406324
420.6,194.2,77.16,3.2,191,73.96,0.412036,0.412036
421.1,195.28,77.86,3.5,191.78,74.36,0.411464,0.411464
421.6,195.32,77.58,3.34,191.98,74.24,0.412618,0.412618
422.2,195.2,77.38,3.4,191.8,73.98,0.413734,0.413734
422.7,195.12,76.66,3.44,191.68,73.22,0.417947,0.417947
423.2,195.88,76.92,3.6,192.28,73.32,0.418712,0.418712
423.8,196.08,76.72,3.66,192.42,73.06,0.420571,0.420571
424.3,195.66,76.46,3.66,192,72.8,0.42117,0.42117
424.8,195.18,75.84,3.4,191.78,72.44,0.422825,0.422825
425.3,196.12,76.32,3.62,192.5,72.7,0.422896,0.422896
425.9,196.78,76.6,3.68,193.1,72.92,0.422936,0.422936
426.4,197.3,76.6,3.74,193.56,72.86,0.424326,0.424326
426.9,197.3,75.52,3.64,193.66,71.88,0.430432,0.430432
427.4,198.32,76.12,3.9,194.42,72.22,0.430083,0.430083
428,198.98,76.06,3.92,195.06,72.14,0.431992,0.431992
428.5,199.88,75.82,3.94,195.94,71.88,0.435515,0.435515
429,200.58,75.42,3.78,196.8,71.64,0.43887,0.43887
429.6,201.76,76.06,3.96,197.8,72.1,0.438291,0.438291
430.1,202.86,75.92,3.78,199.08,72.14,0.440851,0.440851
430.6,203.54,75.84,3.9,199.64,71.94,0.443277,0.443277
431.1,203.76,75.56,3.6,200.16,71.96,0.444286,0.444286
431.7,205.7,75.96,3.84,201.86,72.12,0.446995,0.446995
432.2,207.58,76.2,3.84,203.74,72.36,0.449578,0.449578
432.7,208.8,75.88,3.88,204.92,72,0.454252,0.454252
433.2,209.82,75,3.56,206.26,71.44,0.460474,0.460474
433.8,211.9,75.3,3.66,208.24,71.64,0.463409,0.463409
434.3,214.04,75.72,3.7,210.34,72.02,0.465469,0.465469
434.8,215.88,75.68,3.76,212.12,71.92,0.469732,0.469732
435.4,217.68,75.36,3.54,214.14,71.82,0.474452,0.474452
435.9,220.24,75.46,3.7,216.54,71.76,0.479656,0.479656
436.4,222.7,75.4,3.64,219.06,71.76,0.484681,0.484681
436.9,224.22,75.44,3.7,220.52,71.74,0.487687,0.487687
437.5,226.66,74.8,3.42,223.24,71.38,0.495195,0.495195
438,229.68,74.8,3.58,226.1,71.22,0.501699,0.501699
438.5,232.46,75,3.5,228.96,71.5,0.505454,0.505454
439,234.96,75.22,3.6,231.36,71.62,0.509254,0.509254
439.6,238.1,74.4,3.34,234.76,71.06,0.518999,0.518999
440.1,242.26,74.9,3.46,238.8,71.44,0.524093,0.524093
440.6,245.76,75.24,3.38,242.38,71.86,0.52801,0.52801
441.2,248.38,75.3,3.46,244.92,71.84,0.532658,0.532658
441.7,252.14,74.88,3.38,248.76,71.5,0.541475,0.541475
442.2,256.34,75.44,3.48,252.86,71.96,0.545789,0.545789
442.7,259.96,75.58,3.32,256.64,72.26,0.550426,0.550426
443.3,263.3,75.4,3.46,259.84,71.94,0.557736,0.557736
443.8,267.04,75.2,3.24,263.8,71.96,0.564184,0.564184
444.3,271.1,75.98,3.44,267.66,72.54,0.567006,0.567006
444.8,274.58,76.26,3.36,271.22,72.9,0.570594,0.570594
445.4,277.86,76.4,3.44,274.42,72.96,0.575331,0.575331
445.9,281.24,76.38,3.34,277.9,73.04,0.580328,0.580328
446.4,285.5,76.9,3.48,282.02,73.42,0.584466,0.584466
447,288.72,76.94,3.46,285.26,73.48,0.589072,0.589072
447.5,290.9,76.88,3.46,287.44,73.42,0.592733,0.592733
448,293.88,76.64,3.26,290.62,73.38,0.597748,0.597748
448.5,296.74,77.52,3.5,293.24,74.02,0.597874,0.597874
449.1,298.86,77.94,3.46,295.4,74.48,0.598371,0.598371
449.6,300.56,77.36,3.52,297.04,73.84,0.604523,0.604523
450.1,302.86,76.88,3.34,299.52,73.54,0.609902,0.609902
450.6,305.54,77.44,3.48,302.06,73.96,0.611096,0.611096
451.2,307.5,77.94,3.5,304,74.44,0.611067,0.611067
451.7,308.86,77.8,3.6,305.26,74.2,0.614266,0.614266
452.2,310.1,77.32,3.52,306.58,73.8,0.618487,0.618487
452.8,311.6,77.86,3.7,307.9,74.16,0.61824,0.61824
453.3,312.82,78.64,3.58,309.24,75.06,0.614887,0.614887
453.8,313.78,78.54,3.68,310.1,74.86,0.617252,0.617252
454.3,314.52,78.38,3.38,311.14,75,0.617895,0.617895
454.9,315.94,79.3,3.64,312.3,75.66,0.615706,0.615706
455.4,316.68,79.62,3.58,313.1,76.04,0.614641,0.614641
455.9,316.64,79.68,3.66,312.98,76.02,0.614589,0.614589
456.4,316.78,79.14,3.46,313.32,75.68,0.617007,0.617007
457,318.02,79.72,3.58,314.44,76.14,0.615925,0.615925
457.5,318.82,79.98,3.52,315.3,76.46,0.61529,0.61529
458,318.54,80.16,3.64,314.9,76.52,0.614398,0.614398
458.5,318.54,79.5,3.34,315.2,76.16,0.616859,0.616859
459.1,319.4,79.9,3.5,315.9,76.4,0.616456,0.616456
459.6,319.92,80.66,3.36,316.56,77.3,0.612277,0.612277
460.1,320.28,81.12,3.48,316.8,77.64,0.6107,0.6107
460.7,320.76,80.82,3.44,317.32,77.38,0.612869,0.612869
461.2,321.58,80.94,3.58,318,77.36,0.613911,0.613911
461.7,322.06,81.28,3.48,318.58,77.8,0.612239,0.612239
462.2,322.66,81.98,3.72,318.94,78.26,0.610169,0.610169
462.8,323.36,81.76,3.62,319.74,78.14,0.611924,0.611924
463.3,324.86,82.48,3.74,321.12,78.74,0.610472,0.610472
463.8,325.94,82.9,3.64,322.3,79.26,0.609206,0.609206
464.3,326.46,83.38,3.72,322.74,79.66,0.607612,0.607612
464.9,327.74,83.42,3.58,324.16,79.84,0.608539,0.608539
465.4,330.12,84.36,3.82,326.3,80.54,0.607605,0.607605
465.9,332.12,84.86,3.8,328.32,81.06,0.607491,0.607491
466.5,333.62,84.78,3.86,329.76,80.92,0.610142,0.610142
467,335.62,84.96,3.7,331.92,81.26,0.611157,0.611157
467.5,338.68,85.84,3.84,334.84,82,0.611023,0.611023
468,341.14,86.46,3.78,337.36,82.68,0.610693,0.610693
468.6,343.26,86.8,3.94,339.32,82.86,0.612265,0.612265
469.1,346.36,86.88,3.64,342.72,83.24,0.614607,0.614607
469.6,349.52,87.68,3.84,345.68,83.84,0.615223,0.615223
470.1,352,88.32,3.78,348.22,84.54,0.614791,0.614791
470.7,354.56,88.64,3.84,350.72,84.8,0.616565,0.616565
471.2,357.46,88.9,3.42,354.04,85.48,0.617188,0.617188
471.7,361.14,89.98,3.72,357.42,86.26,0.617369,0.617369
472.3,364.62,90.8,3.54,361.08,87.26,0.616788,0.616788
472.8,367.26,91.38,3.64,363.62,87.74,0.61745,0.61745
473.3,369.76,91.86,3.32,366.44,88.54,0.616863,0.616863
473.8,373.22,93.6,3.54,369.68,90.06,0.613294,0.613294
474.4,376.62,94.98,3.32,373.3,91.66,0.609878,0.609878
474.9,379.54,95.82,3.44,376.1,92.38,0.609725,0.609725
475.4,382.88,97,3.18,379.7,93.82,0.607145,0.607145
475.9,386.46,98.5,3.38,383.08,95.12,0.605018,0.605018
476.5,390.28,100.78,3.4,386.88,97.38,0.599107,0.599107
477,392.92,102.16,3.6,389.32,98.56,0.596606,0.596606
477.5,395.72,103.2,3.42,392.3,99.78,0.594575,0.594575
478.1,399.34,105.16,3.64,395.7,101.52,0.590814,0.590814
478.6,402.4,106.98,3.52,398.88,103.46,0.58607,0.58607
479.1,405.38,108.32,3.56,401.82,104.76,0.583836,0.583836
479.6,408.74,109.48,3.3,405.44,106.18,0.581884,0.581884
480.2,412.52,111.76,3.46,409.06,108.3,0.577159,0.577159
480.7,415.94,113.64,3.36,412.58,110.28,0.573011,0.573011
481.2,418.74,115.2,3.5,415.24,111.7,0.570246,0.570246
481.7,421.78,116.64,3.24,418.54,113.4,0.567124,0.567124
482.3,425.74,119.36,3.44,422.3,115.92,0.561463,0.561463
482.8,429.56,121.86,3.44,426.12,118.42,0.556107,0.556107
483.3,432.38,123.58,3.48,428.9,120.1,0.552813,0.552813
483.9,435.22,125.22,3.26,431.96,121.96,0.549226,0.549226
484.4,438.32,127.96,3.38,434.94,124.58,0.542981,0.542981
484.9,441.14,130.24,3.28,437.86,126.96,0.537668,0.537668
485.4,443.72,132.72,3.46,440.26,129.26,0.532245,0.532245
486,446.4,134.32,3.24,443.16,131.08,0.529024,0.529024
486.5,449.36,137.32,3.34,446.02,133.98,0.522314,0.522314
487,451.86,139.7,3.28,448.58,136.42,0.516962,0.516962
487.5,453.66,141.66,3.44,450.22,138.22,0.512854,0.512854
488.1,456.04,143.82,3.28,452.76,140.54,0.508068,0.508068
488.6,458.5,146.42,3.28,455.22,143.14,0.50246,0.50246
489.1,460.54,148.78,3.26,457.28,145.52,0.49726,0.49726
489.7,462.02,151,3.44,458.58,147.56,0.492446,0.492446
490.2,463.84,153.26,3.36,460.48,149.9,0.487409,0.487409
490.7,465.84,156.26,3.54,462.3,152.72,0.481028,0.481028
491.2,467.66,158.74,3.54,464.12,155.2,0.475739,0.475739
491.8,468.88,160.88,3.56,465.32,157.32,0.470968,0.470968
492.3,470.02,162.6,3.32,466.7,159.28,0.466877,0.466877
492.8,471.28,165.14,3.4,467.88,161.74,0.461317,0.461317
493.3,472.48,167.58,3.46,469.02,164.12,0.45603,0.45603
493.9,473.42,170.1,3.64,469.78,166.46,0.450585,0.450585
494.4,474.34,171.96,3.62,470.72,168.34,0.446575,0.446575
494.9,475.54,174.4,3.6,471.94,170.8,0.441399,0.441399
495.5,476.18,176.4,3.7,472.48,172.7,0.437091,0.437091
496,476.56,178.44,3.72,472.84,174.72,0.432372,0.432372
496.5,477.14,180.24,3.54,473.6,176.7,0.428175,0.428175
497,478.22,183.26,3.62,474.6,179.64,0.421925,0.421925
497.6,478.8,185.68,3.58,475.22,182.1,0.416585,0.416585
498.1,479.42,187.78,3.72,475.7,184.06,0.412374,0.412374
498.6,479.92,189.88,3.5,476.42,186.38,0.407591,0.407591
499.1,480.74,192.6,3.68,477.06,188.92,0.402295,0.402295
499.7,481.24,194.86,3.5,477.74,191.36,0.39734,0.39734
500.2,481.72,197.12,3.5,478.22,193.62,0.392678,0.392678
500.7,482.32,199.4,3.14,479.18,196.26,0.387667,0.387667
501.3,483.22,201.68,3.34,479.88,198.34,0.383722,0.383722
501.8,483.8,203.96,3.18,480.62,200.78,0.379081,0.379081
502.3,483.66,205.66,3.3,480.36,202.36,0.375442,0.375442
502.8,484.04,207.36,3.1,480.94,204.26,0.371908,0.371908
503.4,484.86,210,3.32,481.54,206.68,0.367334,0.367334
503.9,485.18,212.1,3.12,482.06,208.98,0.362996,0.362996
504.4,485.5,214.1,3.14,482.36,210.96,0.359171,0.359171
504.9,486.4,216.3,2.98,483.42,213.32,0.355293,0.355293
505.5,487.52,219.12,3.2,484.32,215.92,0.35084,0.35084
506,487.96,221.7,3.1,484.86,218.6,0.345966,0.345966
506.5,488.56,224.42,3.32,485.24,221.1,0.341368,0.341368
507.1,489.78,227.06,3.3,486.48,223.76,0.337283,0.337283
507.6,490.74,230.2,3.44,487.3,226.76,0.33223,0.33223
508.1,491.7,233.18,3.52,488.18,229.66,0.327495,0.327495
508.6,492.2,235.68,3.68,488.52,232,0.323394,0.323394
509.2,493.56,238.4,3.64,489.92,234.76,0.319501,0.319501
509.7,495.38,242.12,3.72,491.66,238.4,0.314359,0.314359
510.2,496.82,245.56,3.72,493.1,241.84,0.309407,0.309407
510.7,497.9,248.5,3.76,494.14,244.74,0.305145,0.305145
511.3,499.44,251.72,3.58,495.86,248.14,0.300662,0.300662
511.8,501.38,255.9,3.82,497.56,252.08,0.295307,0.295307
512.3,503.14,259.9,3.72,499.42,256.18,0.289921,0.289921
512.8,504.38,262.72,3.82,500.56,258.9,0.286324,0.286324
513.4,505.72,265.72,3.54,502.18,262.18,0.28226,0.28226
513.9,507.72,269.88,3.64,504.08,266.24,0.277226,0.277226
514.4,509.38,273.82,3.66,505.72,270.16,0.272289,0.272289
515,510.78,277.26,3.64,507.14,273.62,0.26798,0.26798
515.5,512.42,280.46,3.36,509.06,277.1,0.264132,0.264132
516,514.62,285.04,3.54,511.08,281.5,0.25901,0.25901
516.5,516.58,288.48,3.4,513.18,285.08,0.255303,0.255303
517.1,518.12,291.6,3.46,514.66,288.14,0.251917,0.251917
517.6,520.08,295.54,3.36,516.72,292.18,0.247605,0.247605
518.1,522.58,300.56,3.44,519.14,297.12,0.242353,0.242353
518.6,524.4,304.5,3.5,520.9,301,0.238188,0.238188
519.2,526.12,308.12,3.5,522.62,304.62,0.234428,0.234428
519.7,528.18,312.26,3.18,525,309.08,0.230088,0.230088
520.2,530.72,317.28,3.36,527.36,313.92,0.225288,0.225288
520.8,532.5,321.6,3.52,528.98,318.08,0.220903,0.220903
521.3,533.96,326.14,3.62,530.34,322.52,0.215998,0.215998
521.8,535.84,330.36,3.4,532.44,326.96,0.211776,0.211776
522.3,538.24,335.54,3.5,534.74,332.04,0.206952,0.206952
522.9,540.72,340.62,3.52,537.2,337.1,0.202377,0.202377
523.4,542.62,344.92,3.6,539.02,341.32,0.198443,0.198443
523.9,544.2,349.44,3.42,540.78,346.02,0.193919,0.193919
524.4,546.34,354.48,3.56,542.78,350.92,0.189416,0.189416
525,548.18,358.94,3.64,544.54,355.3,0.185435,0.185435
525.5,549.66,362.7,3.68,545.98,359.02,0.182058,0.182058
526,551.32,366.46,3.58,547.74,362.88,0.178811,0.178811
526.6,553.58,371.02,3.68,549.9,367.34,0.175215,0.175215
527.1,555.36,374.78,3.64,551.72,371.14,0.172181,0.172181
527.6,556.9,378.42,3.64,553.26,374.78,0.169153,0.169153
528.1,558.4,381.88,3.38,555.02,378.5,0.166243,0.166243
528.7,560.36,386.16,3.54,556.82,382.62,0.162947,0.162947
529.2,561.64,389.68,3.52,558.12,386.16,0.15996,0.15996
529.7,562.68,392.54,3.52,559.16,389.02,0.157564,0.157564
530.2,564.32,395.94,3.34,560.98,392.6,0.154997,0.154997
530.8,566.32,399.54,3.56,562.76,395.98,0.15265,0.15265
531.3,567.36,402.52,3.54,563.82,398.98,0.150189,0.150189
531.8,568.12,405.22,3.6,564.52,401.62,0.147864,0.147864
532.4,569.36,407.94,3.48,565.88,404.46,0.145849,0.145849
532.9,570.66,411.3,3.58,567.08,407.72,0.143282,0.143282
533.4,571.42,414.46,3.52,567.9,410.94,0.140493,0.140493
533.9,571.92,416.44,3.64,568.28,412.8,0.138823,0.138823
534.5,572.4,418.56,3.46,568.94,415.1,0.136914,0.136914
535,573.58,421.58,3.66,569.92,417.92,0.134721,0.134721
535.5,574.18,423.78,3.68,570.5,420.1,0.132903,0.132903
536,574.5,425.78,3.72,570.78,422.06,0.131095,0.131095
536.6,574.8,427.96,3.58,571.22,424.38,0.129048,0.129048
537.1,575.68,430.76,3.76,571.92,427,0.126907,0.126907
537.6,576.1,433.02,3.7,572.4,429.32,0.124919,0.124919
538.2,576.54,434.78,3.78,572.76,431,0.123495,0.123495
538.7,576.8,436.26,3.7,573.1,432.56,0.122184,0.122184
539.2,577.42,438.26,3.78,573.64,434.48,0.12067,0.12067
539.7,577.7,440.18,3.84,573.86,436.34,0.118981,0.118981
540.3,577.72,441.46,3.9,573.82,437.56,0.117738,0.117738
540.8,578.06,443.06,3.72,574.34,439.34,0.116368,0.116368
541.3,578.5,444.76,3.88,574.62,440.88,0.11506,0.11506
541.8,578.26,446.32,3.94,574.32,442.38,0.113358,0.113358
542.4,578.08,447.46,3.96,574.12,443.5,0.112109,0.112109
542.9,577.92,448.44,3.64,574.28,444.8,0.110959,0.110959
543.4,578.12,450.14,3.72,574.4,446.42,0.109471,0.109471
544,578.14,451.54,3.74,574.4,447.8,0.10813,0.10813
544.5,578.02,452.48,3.8,574.22,448.68,0.107142,0.107142
545,577.76,453.5,3.3,574.46,450.2,0.105854,0.105854
545.5,578.14,455,3.4,574.74,451.6,0.104717,0.104717
546.1,578.02,455.76,3.38,574.64,452.38,0.103892,0.103892
546.6,577.84,456.9,3.46,574.38,453.44,0.102679,0.102679
547.1,578.04,457.9,3.24,574.8,454.66,0.10183,0.10183
547.6,578.28,459.46,3.26,575.02,456.2,0.100528,0.100528
548.2,578,460.42,3.22,574.78,457.2,0.0993954,0.0993954
548.7,577.98,461.38,3.32,574.66,458.06,0.0984886,0.0984886
549.2,577.86,462.22,3.26,574.6,458.96,0.0975908,0.0975908
549.8,578.44,463.74,3.44,575,460.3,0.0966269,0.0966269
550.3,578.28,464.58,3.46,574.82,461.12,0.0957179,0.0957179
550.8,577.98,465.18,3.48,574.5,461.7,0.0949302,0.0949302
551.3,578,466.32,3.24,574.76,463.08,0.0938305,0.0938305
551.9,578.5,467.74,3.4,575.1,464.34,0.0929073,0.0929073
552.4,578.48,468.92,3.4,575.08,465.52,0.0917899,0.0917899
552.9,578.26,469.74,3.48,574.78,466.26,0.0908735,0.0908735
553.4,578.08,471.08,3.22,574.86,467.86,0.0894462,0.0894462
554,579.02,472.86,3.34,575.68,469.52,0.088527,0.088527
554.5,579.36,474.18,3.44,575.92,470.74,0.0875811,0.0875811
555,579.34,475.04,3.5,575.84,471.54,0.0867833,0.0867833
555.6,579.82,476.44,3.4,576.42,473.04,0.0858412,0.0858412
556.1,580.68,478.28,3.5,577.18,474.78,0.0848189,0.0848189
556.6,580.96,479.4,3.44,577.52,475.96,0.0839966,0.0839966
557.1,581.38,480.4,3.66,577.72,476.74,0.0834358,0.0834358
557.7,581.94,481.66,3.62,578.32,478.04,0.082704,0.082704
558.2,583.08,483.5,3.72,579.36,479.78,0.0819064,0.0819064
558.7,583.28,484.94,3.9,579.38,481.04,0.0807823,0.0807823
559.2,583.74,485.78,3.94,579.8,481.84,0.0803754,0.0803754
559.8,584.3,487.24,3.7,580.6,483.54,0.0794446,0.0794446
560.3,585.5,489.32,3.78,581.72,485.54,0.078489,0.078489
560.8,586.18,490.8,3.6,582.58,487.2,0.0776483,0.0776483
561.4,586.52,492.32,3.68,582.84,488.64,0.0765603,0.0765603
561.9,587.36,493.94,3.28,584.08,490.66,0.0756917,0.0756917
562.4,588.88,496.36,3.46,585.42,492.9,0.0747087,0.0747087
562.9,589.72,497.98,3.34,586.38,494.64,0.0738899,0.0738899
563.5,590.16,499.38,3.46,586.7,495.92,0.0730045,0.0730045
564,590.96,500.88,3.26,587.7,497.62,0.0722579,0.0722579
564.5,592.5,503.24,3.42,589.08,499.82,0.0713606,0.0713606
565,593.5,504.94,3.46,590.04,501.48,0.0706278,0.0706278
565.6,594.22,506.2,3.54,590.68,502.66,0.0700779,0.0700779
566.1,595.2,507.74,3.34,591.86,504.4,0.0694439,0.0694439
566.6,596.62,510,3.44,593.18,506.56,0.0685556,0.0685556
567.1,597.6,512.04,3.42,594.18,508.62,0.0675246,0.0675246
567.7,598.38,514.04,3.5,594.88,510.54,0.0663996,0.0663996
568.2,599.8,516.06,3.28,596.52,512.78,0.0656939,0.0656939
568.7,601.44,518.42,3.5,597.94,514.92,0.0649178,0.0649178
569.3,602.68,520.14,3.66,599.02,516.48,0.0643878,0.0643878
569.8,603.74,521.72,3.7,600.04,518.02,0.0638337,0.0638337
570.3,604.98,523.6,3.62,601.36,519.98,0.0631479,0.0631479
570.8,606.56,525.82,3.74,602.82,522.08,0.0624506,0.0624506
571.4,607.96,527.64,3.7,604.26,523.94,0.0619423,0.0619423
571.9,609.28,529.46,3.76,605.52,525.7,0.0613905,0.0613905
572.4,610.52,531.74,3.6,606.92,528.14,0.0603824,0.0603824
572.9,612.34,533.9,3.66,608.68,530.24,0.0599165,0.0599165
573.5,613.86,535.72,3.64,610.22,532.08,0.0595095,0.0595095
574,614.82,537.38,3.76,611.06,533.62,0.0588518,0.0588518
574.5,616.38,539.34,3.6,612.78,535.74,0.0583505,0.0583505
575.1,618.14,541.54,3.64,614.5,537.9,0.0578203,0.0578203
575.6,619.58,543.4,3.64,615.94,539.76,0.0573377,0.0573377
576.1,620.88,545.18,3.76,617.12,541.42,0.0568353,0.0568353
576.6,622.34,547.14,3.7,618.64,543.44,0.0562864,0.0562864
577.2,624.38,549.4,3.88,620.5,545.52,0.0559311,0.0559311
577.7,625.88,551.26,3.78,622.1,547.48,0.0554919,0.0554919
578.2,627.28,552.88,3.74,623.54,549.14,0.0551812,0.0551812
578.7,629.14,554.54,3.74,625.4,550.8,0.0551639,0.0551639
579.3,631.16,556.68,3.84,627.32,552.84,0.0548897,0.0548897
579.8,632.44,558.14,3.72,628.72,554.42,0.0546184,0.0546184
580.3,633.52,559.44,3.74,629.78,555.7,0.0543485,0.0543485
580.9,634.94,561.16,3.66,631.28,557.5,0.0539772,0.0539772
581.4,636.88,563.06,3.6,633.28,559.46,0.0538267,0.0538267
581.9,638.38,564.6,3.48,634.9,561.12,0.0536496,0.0536496
582.4,639.38,565.88,3.74,635.64,562.14,0.0533667,0.0533667
583,640.7,567.4,3.52,637.18,563.88,0.0530754,0.0530754
583.5,642.32,569.14,3.62,638.7,565.52,0.0528489,0.0528489
584,643.88,570.56,3.64,640.24,566.92,0.052821,0.052821
584.5,644.96,571.58,3.7,641.26,567.88,0.0527776,0.0527776
585.1,645.7,572.76,3.58,642.12,569.18,0.0523666,0.0523666
585.6,647.26,574.16,3.6,643.66,570.56,0.0523552,0.0523552
586.1,648.56,575.52,3.64,644.92,571.88,0.0522009,0.0522009
586.7,649.44,576.84,3.76,645.68,573.08,0.0518021,0.0518021
587.2,650.5,577.94,3.64,646.86,574.3,0.0516715,0.0516715
587.7,651.8,579.1,3.72,648.08,575.38,0.0516739,0.0516739
588.2,652.16,579.88,4.14,648.02,575.74,0.051362,0.051362
588.8,652.74,580.64,4.2,648.54,576.44,0.0511827,0.0511827
589.3,653.58,581.7,4,649.58,577.7,0.0509303,0.0509303
589.8,654.78,583.08,3.88,650.9,579.2,0.0506857,0.0506857
590.3,655.42,583.9,3.92,651.5,579.98,0.0505014,0.0505014
590.9,655.58,584.2,3.88,651.7,580.32,0.0503802,0.0503802
591.4,656.02,584.74,3.86,652.16,580.88,0.0502677,0.0502677
591.9,656.64,585.58,3.9,652.74,581.68,0.0500561,0.0500561
592.5,656.92,585.92,3.92,653,582,0.0499902,0.0499902
593,656.8,586,3.9,652.9,582.1,0.0498491,0.0498491
593.5,656.94,586.18,3.92,653.02,582.26,0.0498095,0.0498095
594,657.62,587.18,4.08,653.54,583.1,0.0495291,0.0495291
594.6,657.62,587.38,4.12,653.5,583.26,0.0493834,0.0493834
595.1,657.32,587.56,4.1,653.22,583.46,0.0490484,0.0490484
595.6,657.22,587.6,3.76,653.46,583.84,0.0489252,0.0489252
596.1,657.52,588.12,3.76,653.76,584.36,0.0487379,0.0487379
596.7,657.4,588.1,3.58,653.82,584.52,0.0486588,0.0486588
597.2,656.92,588,3.62,653.3,584.38,0.0484173,0.0484173
597.7,656.38,588.1,3.52,652.86,584.58,0.0479761,0.0479761
598.3,656.5,588.38,3.56,652.94,584.82,0.0478511,0.0478511
598.8,656.32,588.3,3.72,652.6,584.58,0.0478031,0.0478031
599.3,655.64,588.02,3.74,651.9,584.28,0.04756,0.04756
599.8,655.12,587.78,3.62,651.5,584.16,0.0473826,0.0473826
600.4,654.86,587.76,3.74,651.12,584.02,0.0472333,0.0472333
600.9,654.46,587.46,3.76,650.7,583.7,0.0471911,0.0471911
601.4,653.72,587.06,3.88,649.84,583.18,0.0470038,0.0470038
601.9,653.08,586.98,3.74,649.34,583.24,0.0466249,0.0466249
602.5,652.96,586.96,3.74,649.22,583.22,0.0465595,0.0465595
603,652.02,586.38,3.68,648.34,582.7,0.0463578,0.0463578
603.5,650.8,585.66,3.76,647.04,581.9,0.0460828,0.0460828
604.1,650.24,585.68,3.52,646.72,582.16,0.0456739,0.0456739
604.6,650.08,585.66,3.74,646.34,581.92,0.0455978,0.0455978
605.1,649.48,585.16,3.6,645.88,581.56,0.0455573,0.0455573
605.6,648.46,584.44,3.68,644.78,580.76,0.0454149,0.0454149
606.2,647.88,584.2,3.48,644.4,580.72,0.0451887,0.0451887
606.7,647.86,584.14,3.5,644.36,580.64,0.0452216,0.0452216
607.2,647,583.66,3.5,643.5,580.16,0.0450008,0.0450008
607.7,645.9,583.02,3.64,642.26,579.38,0.0447474,0.0447474
608.3,645.48,582.54,3.5,641.98,579.04,0.0448129,0.0448129
608.8,645.78,582.76,3.56,642.22,579.2,0.0448553,0.0448553
609.3,645.14,582.48,3.76,641.38,578.72,0.0446469,0.0446469
609.9,643.96,581.74,3.7,640.26,578.04,0.0443985,0.0443985
610.4,643.48,581.64,3.74,639.74,577.9,0.0441508,0.0441508
610.9,643.62,581.78,3.8,639.82,577.98,0.044145,0.044145
611.4,643.36,581.52,3.88,639.48,577.64,0.0441697,0.0441697
612,642.88,581.02,3.76,639.12,577.26,0.0442109,0.0442109
612.5,642.66,580.96,3.66,639,577.3,0.0440993,0.0440993
613,642.54,581.34,3.78,638.76,577.56,0.0437406,0.0437406
613.5,642.36,581.28,3.86,638.5,577.42,0.0436691,0.0436691
614.1,642,580.94,3.72,638.28,577.22,0.0436699,0.0436699
614.6,641.56,580.54,3.56,638,576.98,0.0436599,0.0436599
615.1,641.6,580.54,3.5,638.1,577.04,0.0436828,0.0436828
615.6,641.3,580.54,3.5,637.8,577.04,0.0434786,0.0434786
616.2,640.96,580.34,3.66,637.3,576.68,0.043409,0.043409
616.7,640.94,580.44,3.32,637.62,577.12,0.0432958,0.0432958
617.2,641.08,580.62,3.26,637.82,577.36,0.0432514,0.0432514
617.8,641,580.8,3.48,637.52,577.32,0.0430772,0.0430772
618.3,640.72,580.76,3.56,637.16,577.2,0.0429222,0.0429222
618.8,640.76,580.84,3.5,637.26,577.34,0.042885,0.042885
619.3,641.22,581.32,3.5,637.72,577.82,0.0428375,0.0428375
619.9,641.06,581.54,3.5,637.56,578.04,0.0425632,0.0425632
620.4,640.92,581.58,3.72,637.2,577.86,0.0424531,0.0424531
620.9,641.08,581.6,3.5,637.58,578.1,0.0425317,0.0425317
621.4,641.56,582.02,3.5,638.06,578.52,0.0425431,0.0425431
622,641.66,582.16,3.66,638,578.5,0.0425173,0.0425173
622.5,641.74,582.16,3.68,638.06,578.48,0.0425732,0.0425732
623,642.02,582.44,3.66,638.36,578.78,0.0425522,0.0425522
623.6,643.04,583.56,3.74,639.3,579.82,0.0424115,0.0424115
624.1,643.48,583.74,3.64,639.84,580.1,0.0425685,0.0425685
624.6,643.64,583.76,3.64,640,580.12,0.0426621,0.0426621
625.1,644.12,584.24,3.44,640.68,580.8,0.0426146,0.0426146
625.7,645.06,584.98,3.46,641.6,581.52,0.0426997,0.0426997
626.2,645.62,585.56,3.56,642.06,582,0.0426526,0.0426526
626.7,645.86,585.96,3.52,642.34,582.44,0.0425138,0.0425138
627.2,646.72,586.74,3.48,643.24,583.26,0.0425108,0.0425108
627.8,647.9,587.64,3.56,644.34,584.08,0.0426428,0.0426428
628.3,648.6,588.14,3.56,645.04,584.58,0.0427427,0.0427427
628.8,649.06,588.56,3.54,645.52,585.02,0.042739,0.042739
629.4,650.26,589.46,3.5,646.76,585.96,0.0428752,0.0428752
629.9,651.52,590.46,3.46,648.06,587,0.0429771,0.0429771
630.4,652.08,591.34,3.64,648.44,587.7,0.0427141,0.0427141
630.9,652.62,591.8,3.68,648.94,588.12,0.0427386,0.0427386
631.5,653.58,592.56,3.56,650.02,589,0.0428114,0.0428114
632,655.16,593.78,3.68,651.48,590.1,0.0429755,0.0429755
632.5,655.94,594.46,3.8,652.14,590.66,0.0430033,0.0430033
633,656.54,595.06,3.86,652.68,591.2,0.0429659,0.0429659
633.6,657.48,596.06,3.68,653.8,592.38,0.0428445,0.0428445
634.1,659.2,597.34,3.7,655.5,593.64,0.0430495,0.0430495
634.6,660.12,598.26,4,656.12,594.26,0.0430068,0.0430068
635.2,660.96,599.02,4.02,656.94,595,0.0430087,0.0430087
635.7,662,599.76,3.82,658.18,595.94,0.0431421,0.0431421
636.2,663.44,600.88,3.76,659.68,597.12,0.0432717,0.0432717
636.7,664.2,601.6,4,660.2,597.6,0.0432649,0.0432649
637.3,664.82,602.14,4.14,660.68,598,0.04329,0.04329
637.8,665.62,602.86,4.04,661.58,598.82,0.0432861,0.0432861
638.3,666.72,604,3.84,662.88,600.16,0.0431679,0.0431679
638.8,667.72,604.38,3.98,663.74,600.4,0.0435573,0.0435573
639.4,668.54,604.94,3.9,664.64,601.04,0.0436831,0.0436831
639.9,669.28,605.74,3.68,665.6,602.06,0.0435735,0.0435735
640.4,670.34,606.72,3.74,666.6,602.98,0.0435624,0.0435624
641,671.22,607.44,3.72,667.5,603.72,0.0436157,0.0436157
641.5,671.74,607.68,3.74,668,603.94,0.0437827,0.0437827
642,672.74,608.48,3.64,669.1,604.84,0.0438505,0.0438505
642.5,674.12,609.4,3.68,670.44,605.72,0.044088,0.044088
643.1,674.56,609.72,3.98,670.58,605.74,0.0441643,0.0441643
643.6,675.18,610.16,4.04,671.14,606.12,0.0442545,0.0442545
644.1,676.36,611.22,3.88,672.48,607.34,0.0442475,0.0442475
644.6,677.46,612.2,3.98,673.48,608.22,0.044264,0.044264
645.2,678.34,612.76,4.02,674.32,608.74,0.0444342,0.0444342
645.7,678.82,613.16,4.14,674.68,609.02,0.0444663,0.0444663
646.2,679.58,614.04,4.16,675.42,609.88,0.0443295,0.0443295
646.8,680.48,614.98,4.12,676.36,610.86,0.0442362,0.0442362
647.3,681.12,615.56,4.1,677.02,611.46,0.0442334,0.0442334
647.8,681.4,615.82,4.12,677.28,611.7,0.0442298,0.0442298
648.3,682,616.2,3.88,678.12,612.32,0.0443281,0.0443281
648.9,682.68,616.9,3.86,678.82,613.04,0.0442658,0.0442658
649.4,683.14,617.3,3.74,679.4,613.56,0.0442685,0.0442685
649.9,683.5,617.54,3.78,679.72,613.76,0.0443315,0.0443315
650.4,683.9,617.98,3.6,680.3,614.38,0.0442634,0.0442634
651,684.48,618.54,3.6,680.88,614.94,0.0442378,0.0442378
651.5,684.84,618.84,3.68,681.16,615.16,0.044261,0.044261
652,684.96,618.76,3.72,681.24,615.04,0.0443968,0.0443968
652.6,685.36,619.16,3.62,681.74,615.54,0.0443625,0.0443625
653.1,686.02,619.84,3.4,682.62,616.44,0.0442882,0.0442882
653.6,686.2,620.16,3.68,682.52,616.48,0.0441964,0.0441964
654.1,686.48,620.16,3.8,682.68,616.36,0.0443827,0.0443827
654.7,686.52,620.2,3.64,682.88,616.56,0.044369,0.044369
655.2,687.04,620.98,3.56,683.48,617.42,0.0441451,0.0441451
655.7,687.42,621.3,3.84,683.58,617.46,0.0441805,0.0441805
656.2,687.5,621.1,3.94,683.56,617.16,0.0443789,0.0443789
656.8,687.68,621.18,3.82,683.86,617.36,0.0444287,0.0444287
657.3,688.12,621.6,3.86,684.26,617.74,0.0444154,0.0444154
657.8,687.98,621.56,4.12,683.86,617.44,0.0443724,0.0443724
658.4,687.58,621.4,4.02,683.56,617.38,0.0442241,0.0442241
658.9,687.84,621.78,3.92,683.92,617.86,0.0441152,0.0441152
659.4,688.36,622.26,3.98,684.38,618.28,0.0441121,0.0441121
659.9,688,621.94,4.08,683.92,617.86,0.0441152,0.0441152
660.5,687.54,621.36,4.1,683.44,617.26,0.0442323,0.0442323
661,687.28,621.26,4.04,683.24,617.22,0.0441333,0.0441333
661.5,687.36,621.42,3.8,683.56,617.62,0.0440553,0.0440553
662,687.06,621.26,3.9,683.16,617.36,0.0439839,0.0439839
662.6,686.44,620.64,3.9,682.54,616.74,0.044026,0.044026
663.1,686.56,620.7,3.7,682.86,617,0.0440465,0.0440465
663.6,687.02,620.86,3.54,683.48,617.32,0.0442155,0.0442155
664.2,686.5,620.48,3.88,682.62,616.6,0.0441755,0.0441755
664.7,685.98,620,3.94,682.04,616.06,0.0441868,0.0441868
665.2,685.72,619.8,3.86,681.86,615.94,0.0441568,0.0441568
665.7,685.68,619.78,3.94,681.74,615.84,0.0441509,0.0441509
666.3,685.46,619.46,4.02,681.44,615.44,0.0442419,0.0442419
666.8,684.8,618.94,3.88,680.92,615.06,0.0441786,0.0441786
667.3,684.1,618.76,3.66,680.44,615.1,0.0438441,0.0438441
667.8,684.08,618.68,3.78,680.3,614.9,0.043896,0.043896
668.4,683.44,618.16,4,679.44,614.16,0.0438696,0.0438696
668.9,682.56,617.2,4.08,678.48,613.12,0.0439916,0.0439916
669.4,682.12,616.76,3.94,678.18,612.82,0.044012,0.044012
669.9,681.88,616.66,3.84,678.04,612.82,0.0439224,0.0439224
670.5,681.4,616.16,4.1,677.3,612.06,0.0439871,0.0439871
671,680.64,615.5,4.14,676.5,611.36,0.0439708,0.0439708
671.5,679.86,614.76,3.96,675.9,610.8,0.0439834,0.0439834
672.1,679.68,614.38,4.02,675.66,610.36,0.0441421,0.0441421
672.6,679.18,613.86,4.2,674.98,609.66,0.0442032,0.0442032
673.1,677.92,613.06,4.1,673.82,608.96,0.0439551,0.0439551
673.6,677.4,612.66,3.88,673.52,608.78,0.0438901,0.0438901
674.2,677.08,612.3,3.9,673.18,608.4,0.043942,0.043942
674.7,676.34,611.7,4.34,672,607.36,0.0439231,0.0439231
675.2,675.2,610.98,4.44,670.76,606.54,0.0437077,0.0437077
675.7,674.4,610.34,4.4,670,605.94,0.0436452,0.0436452
676.3,674.12,610.02,4.38,669.74,605.64,0.0436917,0.0436917
676.8,673.28,609.46,4.46,668.82,605,0.0435539,0.0435539
677.3,672.04,608.58,4.34,667.7,604.24,0.0433719,0.0433719
677.9,671.3,607.92,4.1,667.2,603.82,0.0433485,0.0433485
678.4,671.02,607.42,4.08,666.94,603.34,0.0435246,0.0435246
678.9,670.18,606.96,4.24,665.94,602.72,0.0433195,0.0433195
679.4,669.1,606.38,4.1,665,602.28,0.0430232,0.0430232
680,668.46,605.78,3.94,664.52,601.84,0.043027,0.043027
680.5,668.04,605.48,3.96,664.08,601.52,0.0429703,0.0429703
681,667.44,604.9,4.24,663.2,600.66,0.0430158,0.0430158
681.5,666.44,603.94,4.04,662.4,599.9,0.0430415,0.0430415
682.1,665.66,603.44,3.78,661.88,599.66,0.0428742,0.0428742
682.6,665.32,603.02,3.72,661.6,599.3,0.0429512,0.0429512
683.1,664.6,602.42,4.1,660.5,598.32,0.0429393,0.0429393
683.7,663.58,601.52,4.02,659.56,597.5,0.0429164,0.0429164
684.2,662.84,600.88,3.92,658.92,596.96,0.0428875,0.0428875
684.7,662.56,600.58,4.14,658.42,596.44,0.0429363,0.0429363
685.2,661.86,600.14,4.54,657.32,595.6,0.0428222,0.0428222
685.8,660.9,599.26,4.32,656.58,594.94,0.0428145,0.0428145
686.3,660.36,598.7,4.12,656.24,594.58,0.0428524,0.0428524
686.8,660.22,598.46,3.96,656.26,594.5,0.0429241,0.0429241
687.3,659.54,597.96,4.12,655.42,593.84,0.0428502,0.0428502
687.9,658.68,597.06,3.96,654.72,593.1,0.0429277,0.0429277
688.4,658.24,596.68,3.92,654.32,592.76,0.0429113,0.0429113
688.9,658.26,596.62,3.84,654.42,592.78,0.042963,0.042963
689.5,657.6,596.2,4.1,653.5,592.1,0.0428505,0.0428505
690,656.84,595.46,3.94,652.9,591.52,0.0428772,0.0428772
690.5,656.74,594.88,3.8,652.94,591.08,0.043227,0.043227
691,656.8,594.84,3.9,652.9,590.94,0.0433033,0.0433033
691.6,656.26,594.58,4.22,652.04,590.36,0.0431573,0.0431573
692.1,655.34,593.72,4.16,651.18,589.56,0.043173,0.043173
692.6,654.78,593.18,4,650.78,589.18,0.0431862,0.0431862
693.1,654.84,593.06,3.82,651.02,589.24,0.0433021,0.0433021
693.7,654.58,592.78,4.34,650.24,588.44,0.0433715,0.0433715
694.2,653.86,592.1,4.4,649.46,587.7,0.0433967,0.0433967
694.7,653.42,591.8,4.34,649.08,587.46,0.0433199,0.0433199
695.3,653.42,591.8,4.1,649.32,587.7,0.0433031,0.0433031
695.8,653.04,591.38,4.46,648.58,586.92,0.0433846,0.0433846
696.3,652.52,590.88,4.28,648.24,586.6,0.0433938,0.0433938
696.8,652.32,590.7,4.14,648.18,586.56,0.0433832,0.0433832
697.4,652.4,590.86,4.14,648.26,586.72,0.0433183,0.0433183
697.9,652.4,590.84,4.52,647.88,586.32,0.0433599,0.0433599
698.4,652.22,590.38,4.48,647.74,585.9,0.0435772,0.0435772
698.9,652.26,590.26,4.42,647.84,585.84,0.0436887,0.0436887
699.5,652.5,590.28,4.28,648.22,586,0.0438248,0.0438248
700,652.26,590.12,4.48,647.78,585.64,0.0437968,0.0437968
700.5,651.72,589.68,4.1,647.62,585.58,0.043734,0.043734
701.1,651.78,589.68,3.94,647.84,585.74,0.0437629,0.0437629
701.6,652.1,589.86,4.04,648.06,585.82,0.043851,0.043851
702.1,652.08,589.64,4.4,647.68,585.24,0.0440265,0.0440265
702.6,651.68,589.54,4.3,647.38,585.24,0.0438253,0.0438253
703.2,651.54,589.44,4.22,647.32,585.22,0.0437999,0.0437999
703.7,651.8,589.6,4.16,647.64,585.44,0.0438513,0.0438513
704.2,651.86,589.64,4.5,647.36,585.14,0.0438861,0.0438861
704.7,651.7,589.34,4.36,647.34,584.98,0.0439914,0.0439914
705.3,651.94,589.32,4.06,647.88,585.26,0.0441457,0.0441457
705.8,652.38,589.6,4.08,648.3,585.52,0.0442343,0.0442343
706.3,652.36,589.58,4.58,647.78,585,0.0442717,0.0442717
706.9,652.18,589.4,4.62,647.56,584.78,0.0442875,0.0442875
707.4,652.4,589.42,4.24,648.16,585.18,0.0443928,0.0443928
707.9,652.76,589.62,3.98,648.78,585.64,0.0444667,0.0444667
708.4,652.9,589.72,4.34,648.56,585.38,0.0445123,0.0445123
709,653,589.58,4.46,648.54,585.12,0.0446918,0.0446918
709.5,652.92,589.6,4.46,648.46,585.14,0.0446234,0.0446234
710,653.3,589.8,4.42,648.88,585.38,0.0447265,0.0447265
710.5,653.36,589.72,4.6,648.76,585.12,0.0448391,0.0448391
711.1,653.18,589.5,4.34,648.84,585.16,0.044863,0.044863
711.6,653.26,589.54,4.14,649.12,585.4,0.0448723,0.0448723
712.1,653.72,590.02,4.36,649.36,585.66,0.04484,0.04484
712.7,653.86,590.04,4.32,649.54,585.72,0.0449158,0.0449158
713.2,653.7,589.92,4.06,649.64,585.86,0.0448789,0.0448789
713.7,653.52,589.96,3.56,649.96,586.4,0.0446927,0.0446927
714.2,654.02,590.08,3.36,650.66,586.72,0.0449232,0.0449232
714.8,654.2,590.18,3.62,650.58,586.56,0.0449883,0.0449883
715.3,654.48,590.04,3.62,650.86,586.42,0.0452788,0.0452788
715.8,654.78,590.42,3.5,651.28,586.92,0.0451888,0.0451888
716.3,655.54,590.96,3.58,651.96,587.38,0.0453018,0.0453018
716.9,655.8,591.16,3.88,651.92,587.28,0.0453491,0.0453491
717.4,656.1,591.12,3.94,652.16,587.18,0.0455829,0.0455829
717.9,656.64,591.54,3.96,652.68,587.58,0.0456333,0.0456333
718.5,657.22,592.16,3.78,653.44,588.38,0.0455478,0.0455478
719,657.62,592.6,4.06,653.56,588.54,0.0455095,0.0455095
719.5,657.9,592.8,4.04,653.86,588.76,0.0455465,0.0455465
720,658.62,593.18,3.86,654.76,589.32,0.045731,0.045731
720.6,659.84,594.04,3.98,655.86,590.06,0.045915,0.045915
721.1,660.56,594.5,4.02,656.54,590.48,0.046056,0.046056
721.6,661.28,594.84,3.98,657.3,590.86,0.046279,0.046279
722.1,662,595.68,3.8,658.2,591.88,0.0461242,0.0461242
722.7,663.22,596.74,3.78,659.44,592.96,0.0461499,0.0461499
723.2,664.14,597.36,4.06,660.08,593.3,0.0463222,0.0463222
723.7,664.8,597.82,4.12,660.68,593.7,0.0464241,0.0464241
724.2,665.82,598.52,3.8,662.02,594.72,0.0465586,0.0465586
724.8,667.28,599.72,3.76,663.52,595.96,0.0466369,0.0466369
725.3,668.26,600.32,4.08,664.18,596.24,0.0468647,0.0468647
725.8,668.92,600.84,4.08,664.84,596.76,0.0469174,0.0469174
726.4,669.76,601.36,4.08,665.68,597.28,0.0470875,0.0470875
726.9,670.52,601.96,4.06,666.46,597.9,0.0471455,0.0471455
727.4,670.6,602.02,4.04,666.56,597.98,0.0471526,0.0471526
727.9,670.14,601.76,3.9,666.24,597.86,0.0470312,0.0470312
728.5,670.3,601.9,3.7,666.6,598.2,0.0470189,0.0470189
729,670.88,602.12,3.8,667.08,598.32,0.0472444,0.0472444
729.5,670.78,602.02,4.02,666.76,598,0.0472684,0.0472684
730,670.28,601.66,3.9,666.38,597.76,0.0471951,0.0471951
730.6,670.3,601.72,4.06,666.24,597.66,0.0471765,0.0471765
731.1,670.94,602.06,4.2,666.74,597.86,0.047357,0.047357
731.6,670.92,601.84,4.58,666.34,597.26,0.0475325,0.0475325
732.2,670.32,601.48,4.4,665.92,597.08,0.0473895,0.0473895
732.7,670.36,601.6,4.26,666.1,597.34,0.0473178,0.0473178
733.2,670.8,601.76,4.24,666.56,597.52,0.0474868,0.0474868
733.7,670.7,601.54,4.5,666.2,597.04,0.0476012,0.0476012
734.3,670.48,601.16,4.28,666.2,596.88,0.0477176,0.0477176
734.8,670.48,601.14,4.2,666.28,596.94,0.0477261,0.0477261
735.3,670.76,601.54,4.22,666.54,597.32,0.0476192,0.0476192
735.8,670.54,601.36,4.4,666.14,596.96,0.0476203,0.0476203
736.4,670.02,600.9,4.18,665.84,596.72,0.0475993,0.0475993
736.9,669.84,600.6,4,665.84,596.6,0.0476866,0.0476866
737.4,670.22,600.9,4.12,666.1,596.78,0.0477252,0.0477252
738,669.94,600.72,4.42,665.52,596.3,0.0476963,0.0476963
738.5,669.04,600.3,4.3,664.74,596,0.0474056,0.0474056
739,668.68,599.78,4.06,664.62,595.72,0.0475312,0.0475312
739.5,668.76,599.8,4.04,664.72,595.76,0.0475674,0.0475674
740.1,668.24,599.44,4.22,664.02,595.22,0.0475036,0.0475036
740.6,667.64,599.1,3.96,663.68,595.14,0.0473396,0.0473396
741.1,667.44,598.8,3.8,663.64,595,0.0474156,0.0474156
741.6,667.4,598.78,3.74,663.66,595.04,0.0473995,0.0473995
742.2,666.9,598.5,3.96,662.94,594.54,0.0472931,0.0472931
742.7,666.22,597.84,3.98,662.24,593.86,0.0473313,0.0473313
743.2,665.98,597.52,3.84,662.14,593.68,0.0473974,0.0473974
743.8,665.88,597.38,3.7,662.18,593.68,0.0474236,0.0474236
744.3,665.2,596.76,3.92,661.28,592.84,0.0474479,0.0474479
744.8,664.38,596.1,3.88,660.5,592.22,0.0473898,0.0473898
745.3,663.56,595.34,3.9,659.66,591.44,0.0474095,0.0474095
745.9,663.34,595.06,3.92,659.42,591.14,0.0474718,0.0474718
746.4,662.66,594.52,4.14,658.52,590.38,0.0474373,0.0474373
746.9,661.56,593.82,4.18,657.38,589.64,0.0472295,0.0472295
747.4,660.64,593.1,4.1,656.54,589,0.0471459,0.0471459
748,660.32,592.7,3.86,656.46,588.84,0.047211,0.047211
748.5,659.4,592.06,4.14,655.26,587.92,0.0470954,0.0470954
749,658.48,591.3,4.04,654.44,587.26,0.0470394,0.0470394
749.6,657.6,590.58,4.02,653.58,586.56,0.0469863,0.0469863
750.1,656.92,590.04,4.08,652.84,585.96,0.0469388,0.0469388
750.6,655.82,589.32,4.52,651.3,584.8,0.0467737,0.0467737
751.1,654.78,588.28,4.38,650.4,583.9,0.0468421,0.0468421
751.7,653.58,587.46,4.14,649.44,583.32,0.0466322,0.0466322
752.2,652.84,586.94,4,648.84,582.94,0.0465138,0.0465138
752.7,651.8,586.12,4.14,647.66,581.98,0.046439,0.046439
753.2,650.42,584.9,3.98,646.44,580.92,0.0464119,0.0464119
753.8,649.16,584.02,3.9,645.26,580.12,0.0462169,0.0462169
754.3,648.2,583.18,3.8,644.4,579.38,0.046192,0.046192
754.8,646.9,582.02,4.04,642.86,577.98,0.0462036,0.0462036
755.4,645.32,580.7,3.92,641.4,576.78,0.0461188,0.0461188
755.9,644.12,579.7,4.2,639.92,575.5,0.0460804,0.0460804
756.4,643.22,578.98,4.32,638.9,574.66,0.0460219,0.0460219
756.9,641.72,578.02,4.76,636.96,573.26,0.0457605,0.0457605
757.5,640.18,576.86,4.62,635.56,572.24,0.0455783,0.0455783
758,638.92,575.58,4.48,634.44,571.1,0.0456784,0.0456784
758.5,638,574.74,4.34,633.66,570.4,0.0456768,0.0456768
759,636.66,573.56,4.5,632.16,569.06,0.045669,0.045669
759.6,635.26,572.22,4.3,630.96,567.92,0.0457147,0.0457147
760.1,634.12,571.08,4.02,630.1,567.06,0.0457805,0.0457805
760.6,633.32,570.32,3.92,629.4,566.4,0.0458035,0.0458035
761.2,631.86,569.18,4.08,627.78,565.1,0.0456822,0.0456822
761.7,629.96,567.64,4.1,625.86,563.54,0.0455524,0.0455524
762.2,628.46,566.3,3.96,624.5,562.34,0.0455335,0.0455335
762.7,627,565.22,3.74,623.26,561.48,0.045335,0.045335
763.3,625.38,563.84,4.12,621.26,559.72,0.0453026,0.0453026
763.8,623.7,562.22,4.28,619.42,557.94,0.0453977,0.0453977
764.3,621.82,560.82,4.26,617.56,556.56,0.0451672,0.0451672
764.8,620.5,559.66,4.04,616.46,555.62,0.045127,0.045127
765.4,618.92,557.96,4.3,614.62,553.66,0.0453635,0.0453635
765.9,617.08,555.94,4.1,612.98,551.84,0.0456331,0.0456331
766.4,615.7,554.44,4.02,611.68,550.42,0.0458301,0.0458301
767,614.58,553.22,3.96,610.62,549.26,0.0459931,0.0459931
767.5,612.86,551.38,4.26,608.6,547.12,0.0462494,0.0462494
768,611.28,549.46,3.94,607.34,545.52,0.0466212,0.0466212
768.5,609.94,547.78,3.74,606.2,544.04,0.0469851,0.0469851
769.1,608.66,546.62,3.8,604.86,542.82,0.046999,0.046999
769.6,606.68,544.8,4.22,602.46,540.58,0.0470682,0.0470682
770.1,604.8,542.9,4.18,600.62,538.72,0.0472367,0.0472367
770.6,603.02,541.3,4.1,598.92,537.2,0.0472328,0.0472328
771.2,601.56,539.76,3.92,597.64,535.84,0.0474045,0.0474045
771.7,599.7,537.98,3.92,595.78,534.06,0.0474959,0.0474959
772.2,598.02,536.16,3.86,594.16,532.3,0.0477469,0.0477469
772.7,596.38,534.64,3.8,592.58,530.84,0.0477833,0.0477833
773.3,595.16,533.16,3.88,591.28,529.28,0.0481077,0.0481077
773.8,593.54,531.46,4.06,589.48,527.4,0.0483289,0.0483289
774.3,591.84,529.6,4,587.84,525.6,0.0486038,0.0486038
774.9,590.2,527.68,4.02,586.18,523.66,0.0489816,0.0489816
775.4,588.76,526.04,3.98,584.78,522.06,0.0492721,0.0492721
775.9,587.02,524.08,4.34,582.68,519.74,0.049644,0.049644
776.4,584.72,521.84,4.06,580.66,517.78,0.0497766,0.0497766
777,582.98,519.72,4.02,578.96,515.7,0.0502514,0.0502514
777.5,581.44,518.2,3.96,577.48,514.24,0.0503711,0.0503711
778,579.86,516.12,4.3,575.56,511.82,0.0509734,0.0509734
778.5,578.02,513.82,4.16,573.86,509.66,0.0515254,0.0515254
779.1,576.22,511.86,3.92,572.3,507.94,0.0518113,0.0518113
779.6,574.72,510.14,3.52,571.2,506.62,0.0521059,0.0521059
780.1,573.12,508.22,3.92,569.2,504.3,0.0525759,0.0525759
780.7,571.1,505.96,4.1,567,501.86,0.0530005,0.0530005
781.2,569.4,504,4.02,565.38,499.98,0.0533878,0.0533878
781.7,567.88,502.3,4.12,563.76,498.18,0.053708,0.053708
782.2,565.94,500.16,4.4,561.54,495.76,0.0541092,0.0541092
782.8,563.76,497.44,4.26,559.5,493.18,0.0547946,0.0547946
783.3,561.92,495.4,4.14,557.78,491.26,0.0551515,0.0551515
783.8,560.5,493.82,4,556.5,489.82,0.0554287,0.0554287
784.3,558.68,491.8,4.46,554.22,487.34,0.0558501,0.0558501
784.9,556.5,489.86,4.4,552.1,485.46,0.0558643,0.0558643
785.4,554.44,488.18,4.14,550.3,484.04,0.0557183,0.0557183
785.9,552.76,486.38,4.06,548.7,482.32,0.0559997,0.0559997
786.5,550.8,484.42,4.32,546.48,480.1,0.0562426,0.0562426
787,548.8,481.98,4.08,544.72,477.9,0.0568363,0.0568363
787.5,547.1,479.66,3.6,543.5,476.06,0.0575379,0.0575379
788,545.38,477.76,3.48,541.9,474.28,0.0578843,0.0578843
788.6,543.52,475.56,4.06,539.46,471.5,0.0584776,0.0584776
789.1,541.58,473,4.08,537.5,468.92,0.0592797,0.0592797
789.6,540.08,470.86,3.92,536.16,466.94,0.0600333,0.0600333
790.1,538.56,469.32,4.02,534.54,465.3,0.0602472,0.0602472
790.7,536.7,467.18,4.22,532.48,462.96,0.0607598,0.0607598
791.2,534.74,465.04,4.12,530.62,460.92,0.0611581,0.0611581
791.7,532.96,463.1,3.84,529.12,459.26,0.0614956,0.0614956
792.3,531.38,461.48,3.82,527.56,457.66,0.0617289,0.0617289
792.8,529.44,459.42,4.16,525.28,455.26,0.0621314,0.0621314
793.3,527.32,456.68,4,523.32,452.68,0.062976,0.062976
793.8,525.2,454.54,3.9,521.3,450.64,0.063258,0.063258
794.4,523.68,453.26,4.04,519.64,449.22,0.0632435,0.0632435
794.9,521.58,451.24,4.34,517.24,446.9,0.0634817,0.0634817
795.4,519.14,448.94,4.14,515,444.8,0.0636425,0.0636425
795.9,517.06,446.88,3.7,513.36,443.18,0.0638419,0.0638419
796.5,515.74,445.56,3.76,511.98,441.8,0.0640273,0.0640273
797,514.04,444.16,4.12,509.92,440.04,0.0640099,0.0640099
797.5,512.02,442.1,4.14,507.88,437.96,0.0643267,0.0643267
798.1,510.1,440.08,4,506.1,436.08,0.0646702,0.0646702
798.6,508.72,438.56,3.82,504.9,434.74,0.0649758,0.0649758
799.1,507,436.56,4.12,502.88,432.44,0.0655385,0.0655385
799.6,504.76,434.28,4.02,500.74,430.26,0.0658813,0.0658813
